keyword,tag
What are Arizona's daycare staff-to-child ratios,faq-new
How do I check a daycare's license and inspection history,faq-new
Can I sue a daycare for my child's injury,faq-new
What are common daycare violations in Arizona,faq-new
What if the daycare wasn't licensed,faq-new
How long do I have to file a daycare negligence claim,faq-new
What damages can I recover,faq-new
What if the daycare tries to use a liability waiver,faq-new
How do I file a complaint against a daycare,faq-new
What insurance covers an Uber or Lyft accident in Arizona,faq-new
Can I sue Uber or Lyft directly,faq-new
What if the rideshare driver had the app on but no ride,faq-new
What if another driver hit my Uber or Lyft,faq-new
How long do I have to file a rideshare accident claim,faq-new
Does Arizona regulate Uber and Lyft,faq-new
What compensation can I recover after a rideshare accident,faq-new
What about autonomous vehicle accidents in Arizona,faq-new
Should I accept the rideshare company's settlement offer,faq-new
Is Arizona a strict liability state for dog bites,faq-new
How long do I have to file a dog bite claim in Arizona,faq-new
What defenses does a dog owner have,faq-new
What compensation can I recover after a dog bite,faq-new
Can a landlord be liable for a tenant's dog,faq-new
What should I do after a dog bite,faq-new
Are children more at risk for dog bites,faq-new
Does the dog's breed matter in Arizona,faq-new
What if the dog bite happened at a business,faq-new
Who can file a wrongful death claim in Arizona,faq-new
What's the difference between wrongful death and a survival action,faq-new
How long do I have to file a wrongful death claim,faq-new
Are there damage caps in Arizona wrongful death cases,faq-new
Can I file a wrongful death claim if my family member was partially at fault,faq-new
What does it cost to hire a wrongful death attorney,faq-new
What if the person who caused the death also died,faq-new
What qualifies as child abuse under Arizona law,faq-new
Who is required to report child abuse in Arizona,faq-new
How do I report child abuse in Arizona,faq-new
What is the statute of limitations for child abuse claims,faq-new
Can I sue a school district for child abuse,faq-new
What damages can I recover in a child abuse case,faq-new
What is DCS and what do they do,faq-new
Can I file a civil claim even if no criminal charges were filed,faq-new
What if the abuser was a foster parent or group home staff,faq-new
What is Arizona's three-foot passing law,faq-new
Are bicyclists required to ride in bike lanes in Arizona,faq-new
Does Arizona require bicycle helmets,faq-new
What should I do after a bicycle crash in Arizona,faq-new
Can I still recover damages if I was partially at fault,faq-new
What is a dooring accident,faq-new
What compensation can I recover after a bicycle crash,faq-new
How long do I have to file a bicycle accident claim in Arizona,faq-new
What if a road hazard caused my bicycle crash,faq-new
Are electric bicycle riders covered by the same laws,faq-new
Does Arizona cap medical malpractice damages,faq-new
What is the expert affidavit requirement,faq-new
What is the statute of limitations for medical malpractice in Arizona,faq-new
What is the standard of care,faq-new
What types of medical malpractice do you handle,faq-new
What does it cost to hire a medical malpractice attorney,faq-new
Can I sue a government hospital,faq-new
What if I signed a consent form,faq-new
How many pedestrians are killed in Arizona each year,faq-new
Why is Arizona so dangerous for pedestrians,faq-new
Do pedestrians always have the right of way in Arizona,faq-new
What if the driver left the scene after hitting me,faq-new
How long do I have to file a pedestrian accident claim,faq-new
What compensation can I recover,faq-new
What if I was crossing outside a crosswalk,faq-new
What does it cost to hire a pedestrian accident attorney,faq-new
What is premises liability in Arizona,faq-new
What is the attractive nuisance doctrine,faq-new
Are pool barriers required in Arizona,faq-new
What is a negligent security claim,faq-new
How do I prove foreseeability in a negligent security case,faq-new
What is Arizona's drowning rate,faq-new
Can I sue a government entity for a premises liability injury,faq-new
What if I was trespassing when I was injured,faq-new
What damages are available in premises liability cases,faq-new
How long do I have to file a premises liability claim,faq-new
How do I prove a slip and fall case in Arizona,faq-new
What is the difference between actual notice and constructive notice,faq-new
What if I was partially at fault for my slip and fall,faq-new
How long do I have to file a slip and fall claim,faq-new
What compensation can I recover after a slip and fall,faq-new
Does the property owner's duty depend on why I was there,faq-new
Should I report my fall to the property owner,faq-new
What if I fell on a wet floor with no warning sign,faq-new
Can I sue my landlord for a slip and fall in my apartment,faq-new
What are common injuries from slip and fall accidents,faq-new
What is the nurse-to-patient ratio in Arizona nursing homes,faq-new
Was the federal nursing home staffing rule repealed,faq-new
How do I check a nursing home's inspection history,faq-new
What are the most common nursing home violations in Arizona,faq-new
Can I sue a nursing home for neglect in Arizona,faq-new
How long do I have to file a nursing home abuse claim,faq-new
What should I do if I suspect nursing home abuse,faq-new
What is the CMS Five-Star rating system,faq-new
Does Arizona cap nursing home abuse damages,faq-new
How long do I have to file a car accident claim in Arizona,faq-new
What if I was partially at fault for the crash,faq-new
Should I talk to the other driver's insurance company,faq-new
What compensation can I recover after a car crash in Arizona,faq-new
What are the minimum insurance requirements in Arizona,faq-new
How much does it cost to hire a car accident attorney,faq-new
What should I do immediately after a car accident,faq-new
How long does a car accident case take in Arizona,faq-new
Can I still file a claim if I didn't see a doctor right away,faq-new
What if the other driver doesn't have insurance,faq-new
"What is Arizona's no-pay, no-play rule",faq-new
How long do I have to file a bus accident claim against a school district,faq-new
Are school buses required to have seat belts in Arizona,faq-new
Can I sue a school district for a bus accident,faq-new
What damages are available in a school bus accident case,faq-new
What if my child was emotionally traumatized but not physically hurt,faq-new
Do I need a lawyer for a bus accident claim,faq-new
What is the standard of care for bus companies in Arizona,faq-new
What if a third party caused the bus accident,faq-new
How do I file a notice of claim against a public entity,faq-new
How many truck crashes happen in Arizona,faq-new
Why are truck crashes so much more deadly than car crashes,faq-new
Who is liable in a truck crash,faq-new
What FMCSA regulations apply to truck crashes,faq-new
What should I do immediately after being hit by a truck,faq-new
How long do I have to file a truck accident claim in Arizona,faq-new
What is a spoliation letter,faq-new
How much are truck accident settlements in Arizona,faq-new
What does it cost to hire a truck accident attorney,faq-new
What are chameleon carriers,faq-new
How long do I have to file a claim against a school district,faq-new
Can a school district claim immunity,faq-new
What is the difference between a policy decision and an operational decision,faq-new
What is HB4109 Michael's Law,faq-new
Can I sue for school restraint or seclusion injuries,faq-new
Are punitive damages available against school districts,faq-new
What types of abuse occur in Arizona schools,faq-new
What should I do if my child reports abuse at school,faq-new
What is a notice of claim and how do I file one,faq-new
How dangerous are motorcycles compared to cars in Arizona,faq-new
Does Arizona require motorcycle helmets,faq-new
Is lane splitting legal in Arizona,faq-new
What's the most common type of motorcycle crash,faq-new
Can the insurance company use my lack of a helmet against me,faq-new
How long do I have to file a motorcycle accident claim,faq-new
What does it cost to hire a motorcycle accident attorney,faq-new
What qualifies as elder abuse in Arizona,faq-new
How do I report elder abuse in Arizona,faq-new
What is the statute of limitations for elder abuse claims,faq-new
Can I sue a nursing home for elder abuse,faq-new
What is financial exploitation of an elder,faq-new
Why does Arizona substantiate so few elder abuse reports,faq-new
What damages can I recover in an elder abuse case,faq-new
Is HB2764 changing elder care standards in Arizona,faq-new
What is the difference between abuse and neglect,faq-new
How common is elder abuse in Arizona,faq-new
What are the federal hours-of-service limits for truck drivers,faq-new
What is the agricultural HOS exemption,faq-new
Can a trucking company be held liable for a fatigued driver crash,faq-new
What is ELD tampering and how does it affect a case,faq-new
How do you prove a truck driver was fatigued,faq-new
Does Arizona have a drowsy driving law,faq-new
Is uninsured motorist coverage required in Arizona,faq-new
What's the difference between UM and UIM coverage,faq-new
Can I stack UM/UIM coverage in Arizona,faq-new
Will my insurance premium go up if I file a UM claim,faq-new
What if I was hit by a driver who fled the scene,faq-new
Can I sue my own insurance company for bad faith on a UM claim,faq-new
What's the statute of limitations for a UM/UIM claim in Arizona,faq-new
Do I need an attorney for an uninsured motorist claim,faq-new
Can I sue a restaurant in Arizona for a slip-and-fall injury,faq-new
What if I found a foreign object in my food at an Arizona restaurant,faq-new
Can I sue a restaurant for an allergic reaction,faq-new
How do I prove a food poisoning case against an Arizona restaurant,faq-new
What damages can I recover in an Arizona restaurant injury case,faq-new
What's the statute of limitations for a restaurant negligence claim in Arizona,faq-new
Is the restaurant or the parent corporation the proper defendant,faq-new
Do I need a lawyer for a restaurant injury claim,faq-new
How long do I have to file a notice of claim against an Arizona school district,faq-new
What has to be in the notice of claim,faq-new
Who do I serve the notice of claim on,faq-new
Is the statute of limitations different for school districts,faq-new
Does the deadline get extended because my child is a minor,faq-new
Can I sue a school district for a bus crash,faq-new
What damages can I recover from a school district,faq-new
What if the school district ignores my notice of claim,faq-new
Who can file a wrongful death lawsuit in Arizona,faq-new
Is there a cap on wrongful death damages in Arizona,faq-new
How long do I have to file a wrongful death claim in Arizona,faq-new
What's the difference between a wrongful death claim and a survival action,faq-new
Are punitive damages available in wrongful death cases,faq-new
What qualifies as elder abuse under Arizona law,faq-new
Who is required to report elder abuse in Arizona,faq-new
How do I report suspected nursing home abuse in Arizona,faq-new
What's the statute of limitations for an elder abuse lawsuit,faq-new
Can I sue a nursing home and press criminal charges at the same time,faq-new
What is financial exploitation of a vulnerable adult,faq-new
What does APS do after I file a report,faq-new
Can a nursing home retaliate against me for reporting abuse,faq-new
Are punitive damages available in elder abuse cases,faq-new
What if my family member has dementia and can't describe the abuse,faq-new
What is dram shop liability in Arizona,faq-new
What does 'obviously intoxicated' mean,faq-new
Can I sue a homeowner who served alcohol to a drunk driver,faq-new
How long do I have to file a dram shop case in Arizona,faq-new
What damages are available in a dram shop case,faq-new
Why are wrong-way crashes so deadly,faq-new
Can I sue the bar that served the wrong-way driver,faq-new
Are punitive damages available in wrong-way crash cases,faq-new
What if the wrong-way driver dies in the crash,faq-new
Can ADOT be held liable for failing to prevent wrong-way crashes,faq-new
How long do I have to file a wrong-way crash claim,faq-new
What is an unmarked crosswalk,faq-new
Can I recover damages if I was crossing outside a crosswalk,faq-new
Can I sue the city for a dangerous road that caused a pedestrian crash,faq-new
Does my car insurance cover me if I'm hit as a pedestrian,faq-new
What are the penalties for a hit-and-run involving a pedestrian,faq-new
How long do I have to file a pedestrian injury claim in Arizona,faq-new
What speed makes a pedestrian crash fatal,faq-new
Can I still recover damages if I was partially at fault for the crash,faq-new
How long do I have to file a lawsuit after a car crash in Arizona,faq-new
Should I accept the insurance company's first settlement offer,faq-new
What's the difference between a personal injury claim and a wrongful death claim,faq-new
Do I need a lawyer for a minor car crash with no injuries,faq-new
What does 'bad faith' mean in an insurance context,faq-new
Can I sue an Arizona daycare for negligence,faq-new
What are Arizona daycare staff-to-child ratios,faq-new
How do I check a daycare's history in Arizona,faq-new
Are daycare workers required to report suspected abuse,faq-new
Who can I sue after a truck crash in Arizona,faq-new
What federal regulations apply to truck drivers,faq-new
How long do I have to file a truck accident lawsuit in Arizona,faq-new
What's the minimum insurance a trucking company must carry,faq-new
Can the trucking company be held liable even if only the driver was negligent,faq-new
What evidence is most important in a truck crash case,faq-new
What are the criminal penalties for hit-and-run in Arizona,faq-new
What should I do if I'm the victim of a hit-and-run in Arizona,faq-new
Can I get compensation if the hit-and-run driver is never found,faq-new
"Does Arizona's no-pay, no-play rule affect hit-and-run victims",faq-new
How long do I have to file a hit-and-run injury claim,faq-new
Can I sue for punitive damages in a hit-and-run case,faq-new
Do I have to wear a helmet to ride a motorcycle in Arizona,faq-new
What's the minimum motorcycle insurance in Arizona,faq-new
How does comparative fault work in Arizona motorcycle cases,faq-new
How long do I have to file a motorcycle injury lawsuit in Arizona,faq-new
personal injury lawyer avondale,impr-loser
personal injury lawyers avondale,impr-loser
car injury lawyer avondale,impr-loser
personal injury attorney avondale,impr-loser
az law now injury attorneys,impr-loser
personal injury attorneys avondale,impr-loser
car accident lawyer avondale,impr-loser
ars 13-3623,impr-loser
buckeye motorcycle accident lawyer,impr-loser
az law now,impr-loser
arizona injury lawyer,impr-loser
car accident attorneys avondale,impr-loser
arizona personal injury lawyer,impr-loser
car accident lawyers avondale,impr-loser
injury lawyer arizona,impr-loser
ars 28-661,impr-loser
buckeye litigation attorney,impr-loser
premises liability attorney maricopa,impr-loser
buckeye wills lawyer,impr-loser
car accident attorney maricopa,impr-loser
maricopa motorcycle accident lawyer,impr-loser
motorcycle accident attorney maricopa,impr-loser
personal injury attorney maricopa,impr-loser
personal injury lawyer maricopa,impr-loser
buckeye litigation lawyer,impr-loser
winslow az fiscal emergency investigation 2025 2026,impr-loser
arizona bus accident attorney,impr-loser
avondale personal injury lawyer,impr-loser
ars 13-3620,impr-loser
az helmet law,impr-loser
arizona bus accident lawyer,impr-loser
car accident attorney avondale,impr-loser
pedestrian accident attorney maricopa,impr-loser
car accident lawyer maricopa,impr-loser
arizona vulnerable adult abuse attorney,impr-loser
injury lawyer maricopa county,impr-loser
work accident attorney maricopa,impr-loser
vulnerable adult abuse defense lawyer arizona,impr-loser
arizona vulnerable adult abuse defense lawyer,impr-loser
vulnerable adult abuse defense attorney arizona,impr-loser
city of buckeye az internal disruption signals 2025-2026,impr-loser
arizona vulnerable adult abuse lawyer,impr-loser
arizona helmet law,impr-loser
arizona vulnerable adult abuse defense attorney,impr-loser
lyft accident attorney phoenix,impr-loser
arizona auto accident law,impr-loser
avondale injury lawyer,impr-loser
buckeye wills litigation attorney,impr-loser
construction accident attorney maricopa,impr-loser
arizona motorcycle insurance requirements,impr-loser
hit and run attorney arizona,impr-loser
phoenix vulnerable adult abuse attorney,impr-loser
truck accident attorney maricopa,impr-loser
arizona motorcycle helmet law,impr-loser
arizona child abuse attorney,impr-loser
arizona wrongful death statute,impr-loser
phoenix vulnerable adult abuse lawyer,impr-loser
does arizona have a helmet law,impr-loser
buckeye domestic violence lawyer,impr-loser
ars 28-3473,impr-loser
phoenix lyft accident lawyer,impr-loser
arizona daycare abuse lawyer,impr-loser
vulnerable adult abuse defense arizona phoenix,impr-loser
avondale motorcycle accident lawyer,impr-loser
arizona child abuse lawyer,impr-loser
ars 12-821,impr-loser
car accident lawyer san luis az,impr-loser
arizona accident lawyer,impr-loser
sexual assault lawyer arizona,impr-loser
is motorcycle insurance required in arizona,impr-loser
ars 46-451,impr-loser
injury law firm maricopa county,impr-loser
avondale car accident lawyer,impr-loser
rideshare accident attorney phoenix,impr-loser
west coast trial lawyers lyft injury claim phoenix,impr-loser
buckeye car accident lawyer,impr-loser
helmet law arizona,impr-loser
do you have to wear a helmet in arizona,impr-loser
arizona medical malpractice statute of limitations discovery rule,impr-loser
ars 12-2603,impr-loser
goodyear arizona personal injury lawyers,impr-loser
ars 12-2506,impr-loser
arizona motorcycle fatalities 2022 2023 fars,impr-loser
hit and run defense arizona phoenix,impr-loser
vehicular endangerment arizona,impr-loser
attorney maricopa,impr-loser
ars 28-4135,impr-loser
arizona truck accident attorney,impr-loser
personal injury lawyer goodyear az,impr-loser
buckeye criminal defense lawyer,impr-loser
buckeye rideshare accident lawyer,impr-loser
arizona motorcycle accident laws,impr-loser
ars 46-454,impr-loser
ars 46-455,impr-loser
arizona daycare abuse attorney,impr-loser
arizona sexual abuse lawyer,impr-loser
dram shop laws arizona,impr-loser
auto accident lawyer san luis az,impr-loser
avondale accident lawyer,impr-loser
arizona bus accident lawyers,impr-loser
buckeye dui lawyer,impr-loser
personal injury attorney arizona,impr-loser
arizona child abuse defense attorney,impr-loser
elder abuse lawyer tucson,impr-loser
goodyear personal injury attorney,impr-loser
helmet laws in arizona,impr-loser
arizona personal injury attorney,impr-loser
sexual assault attorney arizona,impr-loser
ars 12-821.01,impr-loser
goodyear personal injury lawyer,impr-loser
arizona motorcycle fatalities fars 2022 2023,impr-loser
arizona comparative negligence motorcycle accidents,impr-loser
az injury law,impr-loser
child abuse lawyer phoenix,impr-loser
nursing home abuse lawyer yuma az,impr-loser
arizona sexual abuse attorney,impr-loser
arizona sexual assault lawyer,impr-loser
ars 28-665,impr-loser
arizona medical malpractice statute of limitations 2026,impr-loser
arizona endangerment lawyer,impr-loser
az law,impr-loser
arizona child abuse defense lawyer,impr-loser
child abuse defense attorney arizona,impr-loser
child abuse defense lawyer arizona,impr-loser
how long does an accident stay on your record in arizona,impr-loser
vulnerable adult abuse defense lawyer phoenix,impr-loser
arizona motorcycle helmet law 2026,impr-loser
helmet law in arizona,impr-loser
ars 13-1102,impr-loser
ride share care accident attorney litchfield az,impr-loser
nursing home abuse attorney yuma az,impr-loser
tucson bus accident attorney,impr-loser
tucson bus accident lawyers,impr-loser
arizona elder abuse reporting laws,impr-loser
ars 12-612,impr-loser
nightingale homecare arizona licensing violations sanctions,impr-loser
arizona car accident lawyer,impr-loser
arizona injury attorneys,impr-loser
personal injury attorney san luis az,impr-loser
phoenix child abuse attorney,impr-loser
phoenix child abuse lawyer,impr-loser
elder abuse arizona,impr-loser
arizona sexual assault attorney,impr-loser
arizona daycare inspection reports,impr-loser
phoenix rideshare accident lawyer,impr-loser
buckeye truck accident lawyer,impr-loser
personal injury attorney in goodyear,impr-loser
"""motorcycles involved in fatal crashes by initial point of impact and crash type"" arizona 2022",impr-loser
arizona motorcycles involved in fatal crashes 2022,impr-loser
cypress homecare arizona licensing violations sanctions,impr-loser
ars 28-794,impr-loser
lyft accident lawyer phoenix,impr-loser
wrongful death arizona,impr-loser
avondale truck accident lawyer,impr-loser
buckeye personal injury lawyer,impr-loser
rape attorney arizona,impr-loser
standard of care to report child abuse in arizona,impr-loser
arizona motorcycle insurance requirements minimum coverage,impr-loser
az motorcycle insurance requirements,impr-loser
wrongful death attorney maricopa,impr-loser
rideshare accidents attorney phoenix,impr-loser
ars 13-1410,impr-loser
elder abuse lawyer buckeye,impr-loser
goodyear motorcycle accident lawyer,impr-loser
arizona insurance bad faith lawyer,impr-loser
ars 12-514,impr-loser
pain and suffering calculator arizona,impr-loser
ars 12-542,impr-loser
who is required to report child abuse or neglect in arizona,impr-loser
goodyear personal injury lawyers,impr-loser
arizona motorcycle fatalities 2022 fars,impr-loser
rideshare accidents attorney az,impr-loser
ars 28-815,impr-loser
az injury attorneys,impr-loser
elder abuse attorney buckeye,impr-loser
arizona cycling accident,impr-loser
truck accident fatalities arizona,impr-loser
arizona motorcycle fatal crashes 2022 fars,impr-loser
buckeye bicycle accident lawyer,impr-loser
buckeye construction injury lawyer,impr-loser
sexual abuse attorney phoenix,impr-loser
arizona bike accident,impr-loser
child abuse laws in arizona faq,impr-loser
first 72 hours car accident tempe,impr-loser
arizona comparative negligence truck accidents,impr-loser
best dui lawyer buckeye,impr-loser
surprise motorcycle accident lawyer,impr-loser
arizona elder abuse laws,impr-loser
ars 12-820,impr-loser
fars data motorcycles involved fatal crashes arizona 2022 2023,impr-loser
fars data motorcycles involved in fatal crashes arizona 2022 2023,impr-loser
helmet laws arizona,impr-loser
medical malpractice lawyer in buckeye,impr-loser
slip and fall claim in scottsdale,impr-loser
bicycle accident lawyer buckeye,impr-loser
liability attorney buckeye,impr-loser
arizona motorcycle fatalities 2023,impr-loser
arizona motorcycle fatalities 2023 fars,impr-loser
uninsured motorist coverage arizona,impr-loser
rideshare accident lawyer phoenix,impr-loser
arizona motorcycle accident law,impr-loser
slip and fall claim in tempe,impr-loser
phoenix personal injury lawyer,impr-loser
ars 46-456,impr-loser
arizona wrongful death statute of limitations,impr-loser
automobile accident lawyer buckeye,impr-loser
best dwi attorney buckeye,impr-loser
construction accident lawyer buckeye,impr-loser
personal injury attorney in phoenix az,impr-loser
personal injury lawyer arizona,impr-loser
personal injury lawyer avondale az,impr-loser
slip and fall attorney buckeye,impr-loser
phoenix bad faith insurance lawyer,impr-loser
phoenix vulnerable adult abuse defense attorney,impr-loser
goodyear truck accident lawyer,impr-loser
arizona motorcycle fatal crashes 2022 2023 fars,impr-loser
arizona motorcycle fatal crashes fars 2022 2023,impr-loser
arizona motorcycle fatalities 2021 fars,impr-loser
phoenix pedestrian deaths,impr-loser
arizona comparative fault law car accident claim,impr-loser
arizona notice of claim 180 days a.r.s. 12-821.01 wrongful death government entity,impr-loser
arizona bike helmet law,impr-loser
motorcycle helmet law arizona,impr-loser
wrongul death attorney buckeye,impr-loser
auto accident lawyer in maricopa county,impr-loser
lyft accident lawyer in phoenix,impr-loser
rideshare accident lawyer phoenix az,impr-loser
hit and run arizona,impr-loser
slip and fall claim in phoenix,impr-loser
arizona auto accident laws,head-term
is arizona a no-fault state,head-term
ars 28-663,head-term
accident attorney az,head-term
injury attorney arizona,head-term
mandated reporting arizona,head-term
mandatory reporting arizona,head-term
arizona motorcycle laws,head-term
ars 12-341,head-term
ars 28-729,head-term
statute of limitations for medical malpractice in arizona,head-term
arizona dog bite law,head-term
az dog bite law,head-term
does arizona have a motorcycle helmet law,head-term
is az a no fault state,head-term
arizona no fault state,head-term
arizona no-fault state,head-term
ars 13-1401,head-term
big az law,head-term
dog bite laws arizona,head-term
is arizona an at-fault state,head-term
mandatory reporting guidelines arizona,head-term
personal injury attorney flagstaff az,head-term
bus accident arizona,head-term
bus accident az,head-term
arizona leaving scene of accident,head-term
bad faith insurance attorney arizona,head-term
lawyers in maricopa az,head-term
is arizona a no fault state for car accidents,head-term
underinsured motorist coverage arizona,head-term
yuma truck accident lawyer,head-term
duty to warn arizona,head-term
lamber goodnow injury lawyers phoenix,head-term
elder financial abuse arizona,head-term
is arizona a no fault insurance state,head-term
arizona law,head-term
school accident attorney phoenix,head-term
dog bite attorney goodyear az,head-term
motorcycle accident lawyer buckeye,head-term
tucson bus accident lawyer,head-term
loop 202 crash attorney near tempe,head-term
phoenix vulnerable adult abuse defense lawyer,head-term
liability for a spouse's negligence in arizona,head-term
a.r.s. 12-821 one year statute of limitations public entity arizona,head-term
arizona uninsured motorist statute,head-term
nightingale homecare arizona licensing violations or sanctions,head-term
explain the arizona highways leak and its outcome.,head-term
ars 28-903,head-term
is there a helmet law in arizona,head-term
ars 28-797,head-term
personal injury law firm maricopa arizona,head-term
arizona medical malpractice caps,head-term
arizona rideshare accident lawyers,head-term
car crash attorney near loop 202 tempe,head-term
what to do in the first 72 hours after a tempe crash,head-term
what is personal injury protection and do i need it? arizona,head-term
best dwi lawyer buckeye,head-term
buckeye homicide law firm,head-term
bus accident attorney goodyear az,head-term
medical malpractice attorney buckeye,head-term
nursing home abuse attorney buckeye,head-term
ride share care accident attorney goodyear az,head-term
truck accident attorney buckeye,head-term
ars 13-1404,head-term
ars 13-1423,head-term
tucson bus accident attorneys,head-term
arizona car accidents,head-term
arizona personal injury contingency fee explained,head-term
arizona fire injury attorney,head-term
ars 12-611,head-term
arizona motorcycles involved in fatal crashes 2022 2023 fars,head-term
buy motor vehicle accident leads arizona,head-term
arizona hit and run law,head-term
arizona helmet law motorcycle,head-term
ars 28-793,head-term
arizona uim statute of limitations,head-term
arizona failure to diagnose stroke attorney,head-term
arizona rideshare insurance laws uber lyft phoenix,head-term
uber accident liability insurance phoenix arizona who pays for injuries,head-term
arizona endangerment attorney,head-term
buckeye criminal defense attorney,head-term
buckeye pedestrian accident lawyer,head-term
goodyear construction injury lawyer,head-term
maricopa county construction work injury lawyer,head-term
negligence lawyer buckeye,head-term
personal injury lawyer buckeye,head-term
arizona elder abuse attorney,head-term
missed deadline car accident arizona,head-term
ars 28-817,head-term
freeway injury lawyer loop 202 tempe,head-term
ars 13-3001,head-term
child abuse in arizona,head-term
ars 28-662,head-term
how much is my injury claim worth arizona,head-term
arizona dram shop law,head-term
is arizona a pip state,head-term
arizona,head-term
arizona hit and run laws,head-term
az hit and run,head-term
arizona hit and run parked car,head-term
arizona rideshare injury lawyers,head-term
wrongful death statute arizona,head-term
arizona hit and run attorney,head-term
car accident lawyer ahwatukee az,head-term
atv incident attorney goodyear az,head-term
buckeye criminal attorney,head-term
buckeye dog bite lawyer,head-term
buckeye forklift injury lawyer,head-term
car accident lawyer buckeye,head-term
negligent security attorney buckeye,head-term
premises liability attorney buckeye,head-term
arizona slip and fall lawyers,head-term
tempe car crash guide,head-term
hit and run arizona law,head-term
how much is my injury claim worth in az,head-term
arizona fire injury lawyer,head-term
ars 12-542 personal injury,head-term
arizona wrongful death statute ars 12-611 et seq,head-term
collateral source rule arizona,head-term
typical contingency fee percentages arizona car accident slip and fall,head-term
arizona motorcycle fatal crashes 2022 2023 fars multi-vehicle,head-term
fars data motorcycles fatal crashes arizona 2022 2023,head-term
fars motorcycles involved in fatal crashes arizona 2022 2023,head-term
motorcycle accidents in arizona,head-term
nhtsa fars motorcycles involved in fatal crashes arizona 2022 2023,head-term
arizona truck crash data,head-term
how long to settle car crash arizona,head-term
az motorcycle helmet law,head-term
ars 28-730,head-term
truck accident liability arizona,head-term
arizona uninsured motorist property damage coverage official,head-term
ars 12-613,head-term
ars 12-820.02,head-term
18 wheeler accident attorney maricopa county,head-term
arizona statute of limitations personal injury 2 years a.r.s. 12-542,head-term
medical malpractice lawyer in goodyear,head-term
"""motorcycles involved in fatal crashes"" arizona 2022",head-term
my arizona lawyers google reviews,head-term
arizona rideshare accident attorneys,head-term
arizona rideshare insurance laws uber lyft,head-term
ahwatukee az car accident lawyer,head-term
broken bone injury attorney buckeye,head-term
hit and run defense attorney arizona,head-term
personal injury law west valley az,head-term
best criminal attorney buckeye,head-term
best white collar crime defense lawyer buckeye,head-term
buckeye brain injury attorney,head-term
buckeye dui law firm,head-term
buckeye homicide lawyer,head-term
buckeye legal attorney,head-term
buckeye manslaughter attorney,head-term
buckeye probation law firm,head-term
construction accident attorney buckeye,head-term
domestic violence attorney in buckeye,head-term
medical malpractice lawyer buckeye,head-term
personal injury attorney buckeye,head-term
personal injury attorney in goodyear az,head-term
personal injury attorney litchfield az,head-term
personal injury lawyer surprise az,head-term
nursing home abuse attorney tucson,head-term
is arizona a no fault state,head-term
arizona slip and fall lawyer,head-term
avondale commercial catastrophic injury lawyer,head-term
arizona bus accident attorneys,head-term
arizona car accident laws explained,head-term
truck standard of care expert arizona,head-term
arizona dog bite compensation,head-term
medical liens in arizona,head-term
goodyear car accident lawyer,head-term
goodyear truck accident attorney,head-term
arizona motorcycle fatal crashes 2022 2023,head-term
arizona motorcycle fatal crashes 2022 vs 2023 fars,head-term
arizona motorcycle fatalities fars 2021 2022 2023,head-term
arizona motorcycles involved in fatal crashes 2022 fars,head-term
did motorcycle fatalities increase in arizona after lane filtering law?,head-term
fars motorcycle fatal crashes arizona 2022 2023,head-term
ars 28-672,head-term
arizona rear-end collision laws,head-term
arizona helmet laws for motorcycles,head-term
arizona department of insurance uninsured motorist property damage,head-term
buckeye wrongful death attorney,head-term
wrongul death lawyer buckeye,head-term
phoenix lyft accident attorney,head-term
arizona medical malpractice damage caps,head-term
arizona medical malpractice statute of limitations,head-term
medical malpractice statute of limitations arizona,head-term
arizona motorcycle fatalities 2023 number,head-term
freeway injury lawyer loop 202 phoenix,head-term
loop 202 lawyer tempe,head-term
arizona hit and run defense attorney,head-term
arizona hit and run lawyer,head-term
az accident attorneys,head-term
mva accident attorney phoenix,head-term
steps after car accident phoenix az arizona law requirements,head-term
arizona injury attorney,head-term
arizona injury lawyers,head-term
arizona truck accident lawyer,head-term
attorneys in arizona,head-term
buckeye dui attorney,head-term
buckeye dwi law firm,head-term
buckeye dwi lawyer,head-term
buckeye juvenile defense law firm,head-term
injury lawyers az,head-term
litigation attorney buckeye,head-term
litigation lawyer buckeye,head-term
personal injury attorney phoenix,head-term
vail az personal injury lawyer,head-term
arizona nursing home abuse lawyer,head-term
nursing home abuse peoria az,head-term
arizona life insurance denial lawyers,head-term
avondale auto accident attorney,head-term
avondale slip and fall lawyer,head-term
slip and fall attorney avondale,head-term
arizona bicycle accident,head-term
ars 28-812,head-term
bicycle accident arizona,head-term
car accidents arizona,head-term
loop 202 lawyer arizona,head-term
ars 13-3554,head-term
what happens after crash claim tempe,head-term
arizona elder abuse,head-term
car accident settlement calculator arizona,head-term
rear-end accident payout arizona,head-term
vicarious liability arizona,head-term
ars 12-2505,head-term
ars 28-964,head-term
liability car insurance arizona,head-term
ars 28-857,head-term
arizona motorcycle accident statistics,head-term
arizona motorcycle multi-vehicle fatal crashes 2022 2023,head-term
arizona motorcycles fatal crashes fars 2022 2023,head-term
arizona motorcycles involved in fatal crashes 2022 multiple vehicle,head-term
arizona motorcycles involved in fatal crashes fars 2022 2023,head-term
fars data motorcycle fatal crashes arizona 2022 2023,head-term
fars motorcycles involved fatal crashes arizona 2022 2023,head-term
motorcycles involved in fatal crashes arizona 2022 fars,head-term
ars 13-3408,head-term
watson and yuma,head-term
arizona wrong way crash,head-term
arizona uninsured motorist coverage,head-term
maricopa attorney,head-term
personal injury attorney hano az,head-term
truck accident attorney maricopa county,head-term
arizona legal malpractice statute of limitations discovery rule,head-term
arizona revised statutes 12-542 official,head-term
"""motorcycles involved in fatal crashes"" arizona 2022 fars",head-term
arizona motorcycles involved in fatal crashes 2023 fars,head-term
truck accident lawyer yuma az,head-term
loop 202 accident lawyer tempe,head-term
loop 202 car accident lawyer near tempe,head-term
is it best uber accident attorney in phoenix,head-term
what to do after car crash tempe,head-term
az injury,head-term
flagstaff personal injury lawyer,head-term
mva accident attorney phoenix az,head-term
website design for lawyer buckeye,head-term
steps after car accident phoenix az arizona law,head-term
arizona injury law firm,head-term
avondale premises liability lawyer,head-term
boat accident attorney goodyear az,head-term
buckeye child custody attorney,head-term
buckeye juvenile defense lawyer,head-term
business law attorney goodyear,head-term
business law lawyer goodyear,head-term
personal injury lawyer chandler az,head-term
phoenix car accident attorne,head-term
phoenix personal injury attorney,head-term
nursing home abuse attorney arizona,head-term
18 wheeler injury attorney phoenix,head-term
can i sue if partly at fault arizona,head-term
accident attorney in phoenix az desert view,head-term
auto accident lawyer avondale,head-term
avondale pedestrian accident lawyer,head-term
semi-truck accident attorney surprise,head-term
car accidents in arizona,head-term
how long do accidents stay on your record in arizona,head-term
chandler hit and run lawyer,head-term
tempe child abuse lawyer,head-term
no symptoms after car accident arizona,head-term
tempe daycare injury lawyers,head-term
sexual assault civil lawsuit process arizona phoenix,head-term
a.r.s. 12-821 one year statute of limitations actions against public entity arizona,head-term
arizona mandatory reporting law,head-term
mmi arizona,head-term
does arizona have pip coverage,head-term
goodyear car accident lawyers,head-term
how does uninsured motorist coverage protect me? arizona,head-term
phoenix uninsured motorist accidents,head-term
arizona motor vehicle crash facts 2022 pdf motorcycle,head-term
arizona motorcycle fatal crashes 2023 multi-vehicle count,head-term
arizona motorcycle fatal crashes fars 2022 2023 multi-vehicle,head-term
arizona motorcycle fatal crashes multi-vehicle 2022 2023,head-term
arizona motorcycle fatal crashes multi-vehicle fars 2022 2023,head-term
arizona motorcycle fatalities 2021 2022 fars,head-term
arizona motorcycle fatalities 2022 2023,head-term
arizona motorcycle fatalities 2022 vs 2023 fars,head-term
arizona motorcyclist fatalities 2022 2023 fars,head-term
arizona motorcyclist fatalities 2023,head-term
fars data arizona motorcycle fatal crashes 2022 2023 multi-vehicle,head-term
motorcycles involved in fatal crashes arizona 2022 2023 fars,head-term
cypress homecare arizona licensing violations or sanctions,head-term
hazen fire buckeye az,head-term
arizona car accident settlement delay,head-term
is arizona a fault state,head-term
statute of limitations arizona car accident,head-term
tempe car accident statute of limitations,head-term
does arizona have a helmet law for motorcycles,head-term
does az have a helmet law,head-term
helmet law in az,head-term
ars 28-645,head-term
maricopa county accident attorney,head-term
maricopa personal injury lawyer,head-term
truck accident lawyer maricopa county,head-term
rideshare accident law firm phoenix,head-term
arizona failure to diagnose stroke lawyer,head-term
arizona medical malpractice,head-term
arizona medical malpractice statute,head-term
medical malpractice in arizona,head-term
motorcycle accident arizona,head-term
motorcycle accident arizona today,head-term
dangerous conditions attorney phoenix,head-term
arizona rideshare accident attorney,head-term
arizona truck accident statistics,head-term
a.r.s. 12-821.01 notice of claim 180 days arizona public entity wrongful death,head-term
wrongful death statute of limitations arizona,head-term
what to do after a car accident in phoenix arizona steps,head-term
civil lawyers in arizona,head-term
az accident lawyers,head-term
flagstaff personal injury attorney,head-term
az attorneys,head-term
az injury care,head-term
az lawyers,head-term
best injury lawyers az,head-term
buckeye manslaughter lawyer,head-term
goodyear arizona car accident lawyers,head-term
liability lawyer buckeye,head-term
medical malpractice attorney goodyear az,head-term
personal injury attorney in chandler az,head-term
personal injury lawyer el mirage az,head-term
personal injury lawyer litchfield az,head-term
premises liability attorney litchfield az,head-term
vail az car accident lawyer,head-term
workers compensation attorney in goodyear az,head-term
arizona child endangerment lawyer,head-term
arizona elder abuse lawyer,head-term
arizona nursing home abuse attorney,head-term
tucson nursing home abuse lawyer,head-term
arizona sexual abuse lawsuits,head-term
arizona denied life insurance claim attorneys,head-term
personal injury attorney in avondale az,head-term
bus accident attorney tucson,head-term
bus accident attorneys phoenix,head-term
peoria bus accident lawyers,head-term
tempe bus accident lawyers,head-term
arizona car crashes,head-term
tempe car crash passenger rights,head-term
tempe daycare injury attorneys,head-term
arizona dog bite laws,head-term
arizona dog bite statute of limitations,head-term
in the state of arizona,head-term
nursing home abuse attorney goodyear az,head-term
average settlement for injury az,head-term
how contingency fees work for personal injury cases in arizona,head-term
joint and several liability arizona,head-term
goodyear pedestrian accident lawyer,head-term
arizona insurance regulations,head-term
liability car insurance az,head-term
surprise ice facility,head-term
arizona motorcycle fatal crashes 2022 2023 multi-vehicle fars,head-term
arizona motorcycle fatalities 2021 2022 2023,head-term
arizona motorcycle fatalities by year fars,head-term
arizona motorcycle multi-vehicle fatal crashes 2022 2023 fars,head-term
arizona motorcycles involved in fatal crashes 2022 count,head-term
arizona motorcyclist fatalities 2022 fars,head-term
fars data arizona motorcycles involved in fatal crashes 2022 2023,head-term
motorcycles involved in fatal crashes arizona 2022,head-term
motorcycles involved in fatal crashes arizona 2022 2023,head-term
number of motorcycles involved in fatal crashes arizona 2022 fars,head-term
number of nursing homes in arizona cms,head-term
nursing home abuse sun city az,head-term
tempe crash no seatbelt,head-term
hazen fire buckeye arizona,head-term
arizona wrong way driver,head-term
arizona car accident laws,head-term
arizona comparative negligence,head-term
blackbox wireless chandler az,head-term
in arizona,head-term
hit and run az,head-term
hit and run charges arizona,head-term
hit and run in arizona,head-term
is a hit and run a felony in arizona,head-term
arizona motorcycle helmet laws,head-term
motorcycle helmet arizona,head-term
motorcycle helmet law in arizona,head-term
motorcycle laws in arizona,head-term
arizona uninsured motorist rate 2025 or 2026,head-term
can you drive without insurance in arizona,head-term
buckeye wills litigation lawyer,head-term
chandler motorcycle accident lawyer,head-term
maricopa county personal injury lawyer,head-term
phoenix rideshare accident attorneys,head-term
lyft accident passenger rights phoenix arizona,head-term
phoenix rideshare accident attorney,head-term
phoenix rideshare accident law firm,head-term
phoenix rideshare accident lawyers,head-term
rideshare accident attorneys phoenix,head-term
tempe lyft crash attorney,head-term
arizona statute of limitations medical malpractice,head-term
physician malpractice insurance in arizona,head-term
"""motorcycles involved in fatal crashes"" arizona 2022 2023",head-term
arizona motorcycle accident,head-term
arizona motorcycle crash lawyer,head-term
arizona motorcycle fatal crash statistics 2022,head-term
arizona motorcyclist fatalities 2022,head-term
did motorcycle fatalities increase in arizona after lane filtering law,head-term
motorcycles involved in fatal crashes arizona 2023,head-term
arizona hit and run,head-term
arizona truck accident lawyers,head-term
arizona premises liability child drowning,head-term
premises liability arizona,head-term
phoenix negligent hiring & retention lawyers,head-term
uber insurance coverage for accidents in arizona 2025 or 2026,head-term
grocery store slip and fall attorney phoenix,head-term
tempe bicycle accident lawyer,head-term
arizona commercial truck accidents,head-term
liability insurance arizona,head-term
minimum insurance coverage in arizona,head-term
arizona wrongful death attorneys,head-term
steps to take after a hit and run in phoenix,head-term
arizona distracted driver attorney tempe,head-term
awd law personal injury az,head-term
az accident attorney,head-term
az accident lawyer,head-term
flagstaff car accident lawyer,head-term
flagstaff hit and run accident lawyer,head-term
injury lawyer in az,head-term
personal injury law west valley arizona,head-term
personal injury lawyer ahwatukee az,head-term
rollover lawyer arizona,head-term
website design for lawyer goodyear,head-term
arizona personal injury,head-term
avondale paralysis injury lawyer,head-term
az law firm,head-term
broken bone injury lawyer buckeye,head-term
buckeye criminal lawyer,head-term
buckeye estate lawyer,head-term
buckeye trust litigation lawyer,head-term
buckeye wills attorney,head-term
bus accident attorney litchfield az,head-term
construction accident attorney goodyear az,head-term
criminal defense lawyer in buckeye,head-term
divorce attorney buckeye,head-term
divorce lawyer buckeye,head-term
dog bite attorney litchfield az,head-term
family law attorney goodyear az,head-term
glendale az dog bite lawyer,head-term
goodyear arizona medical malpractice lawyers,head-term
law az,head-term
lawyers arizona,head-term
lawyers in arizona,head-term
lawyers in az,head-term
medical malpractice attorneys phoenix,head-term
personal injury attorney in arizona,head-term
personal injury attorneys in phoenix arizona,head-term
personal injury lawyer glendale az,head-term
personal injury lawyer goodyear,head-term
personal injury lawyer peoria az,head-term
personal injury lawyer phoenix arizona,head-term
personal injury lawyer surprise,head-term
personal injury lawyers in phoenix az,head-term
phoenix child injury lawyers,head-term
lamber goodnow injury lawyers tucson,head-term
tempe child endangerment lawyer,head-term
elder abuse lawyer arizona,head-term
nursing home abuse lawyer tucson,head-term
arizona no fault,head-term
tempe crash shared fault,head-term
avondale estates truck accident lawyer,head-term
avondale forklift injury lawyer,head-term
avondale traffic lawyer,head-term
car accident lawyer avondale az,head-term
car injury lawyers avondale,head-term
truck accident attorney in avondale az,head-term
az,head-term
yuma bicycle accident attorney,head-term
phoenix bus accident attorney,head-term
phoenix bus accident lawyer,head-term
arizona car accident,head-term
arizona car crash,head-term
az number one with fatal accidents,head-term
how many car accidents per day in arizona,head-term
no seatbelt car accident arizona,head-term
rear end accident rural road arizona,head-term
car crash attorney near loop 202 az,head-term
chandler distracted driving accident lawyer,head-term
traffic lawyer in chandler az,head-term
arizona child abuse laws,head-term
arizona child neglect laws,head-term
child abuse arizona,head-term
arizona workplace injury claims contingency fee law firms,head-term
bad advice after crash tempe,head-term
az drunk driving,head-term
tempe crash response guide,head-term
ars 12-541,head-term
az dog bite laws,head-term
dog attack settlement attorney tempe,head-term
tempe financial elder abuse attorney,head-term
wrongful death lawsuit settlements average in arizona,head-term
family purpose doctrine arizona,head-term
ars 28-4135b,head-term
ars 28-4135c,head-term
arizona collateral source rule,head-term
arizona mandatory reporting,head-term
medical lien financing arizona,head-term
goodyear litigation attorney,head-term
goodyear wrongful death attorney,head-term
u.s. census quickfacts chandler city arizona population 2024,head-term
u.s. census quickfacts mesa city arizona population 2023,head-term
u.s. census quickfacts mesa city arizona population 2024,head-term
arizona 2022 motorcycles involved in fatal crashes fars,head-term
arizona motorcycle fatal crashes 2022 multi-vehicle,head-term
arizona motorcycle fatal crashes 2022 multi-vehicle count,head-term
arizona motorcycle fatal crashes 2022 vs 2023 multi-vehicle,head-term
arizona motorcycle fatal crashes multi-vehicle 2022 2023 fars,head-term
arizona motorcycle fatal crashes multi-vehicle 2022 count,head-term
arizona motorcycle fatal crashes multi-vehicle 2023 count,head-term
arizona motorcycle fatalities 2022,head-term
arizona motorcycle fatalities 2022 nhtsa,head-term
